{
    "features": [
        "utm_source",
        "utm_medium",
        "device_brand",
        "visit_number",
        "utm_campaign",
        "utm_keyword"
    ],
    "cat_features": [
        "utm_source",
        "utm_medium",
        "device_brand",
        "utm_campaign",
        "utm_keyword"
    ],
    "params": {
        "iterations": 672,
        "depth": 8,
        "learning_rate": 0.08743604703974947,
        "l2_leaf_reg": 4,
        "random_seed": 42,
        "task_type": "GPU",
        "devices": "0",
        "auto_class_weights": "Balanced",
        "verbose": 0
    },
    "performance": {
        "test_auc": 0.7040858148213516,
        "classification_report": {
            "0": {
                "precision": 0.9906830636965285,
                "recall": 0.5986665021098534,
                "f1-score": 0.7463289098918409,
                "support": 340308.0
            },
            "1": {
                "precision": 0.03004112011476702,
                "recall": 0.688252521965506,
                "f1-score": 0.05756942695964016,
                "support": 6146.0
            },
            "accuracy": 0.6002557338059309,
            "macro avg": {
                "precision": 0.5103620919056477,
                "recall": 0.6434595120376797,
                "f1-score": 0.4019491684257405,
                "support": 346454.0
            },
            "weighted avg": {
                "precision": 0.9736415361481281,
                "recall": 0.6002557338059309,
                "f1-score": 0.7341105034595258,
                "support": 346454.0
            }
        },
        "timestamp": "20250712_134303"
    }
}